date,match,outcome,prob,odds,edge_pct,stake,mode,result,win,profit,clv_pct,bankroll
2022-08-12,Osasuna vs Sevilla,away_win,0.4585,2.4,10.040000000000004,17928.571428571435,aggressive,H,0,-17928.571428571435,-3.2258064516129115,982071.4285714285
2022-08-19,Espanol vs Vallecano,home_win,0.4381,2.45,7.334499999999999,12418.970504926105,aggressive,A,0,-12418.970504926105,-4.296875,969652.4580665025
2022-08-22,Girona vs Getafe,home_win,0.4759,2.8,33.251999999999995,44781.7826883713,aggressive,H,1,80607.20883906833,-1.7543859649122862,1050259.6669055708
2022-08-26,Girona vs Celta,home_win,0.4318,2.8,20.90399999999999,30492.53899582506,aggressive,A,0,-30492.53899582506,-0.3558718861210064,1019767.1279097457
2022-09-09,Girona vs Valladolid,home_win,0.5087,2.25,14.457500000000012,29486.56650351032,aggressive,H,1,36858.2081293879,-2.1739130434782483,1056625.3360391336
2022-09-11,Betis vs Villarreal,home_win,0.4085,2.8,14.379999999999992,21103.1560170038,aggressive,H,1,37985.680830606834,-5.084745762711873,1094611.0168697403
2022-09-12,Almeria vs Osasuna,home_win,0.4081,2.6,6.106000000000011,10443.273232822887,aggressive,A,0,-10443.273232822887,-5.797101449275354,1084167.7436369176
2022-10-01,Getafe vs Valladolid,home_win,0.5039,2.3,15.896999999999984,33144.25888576166,aggressive,A,0,-33144.25888576166,-2.5423728813559365,1051023.4847511558
2022-10-02,Celta vs Betis,away_win,0.4226,2.87,21.286199999999987,29909.486766189893,aggressive,H,0,-29909.486766189893,-3.0405405405405372,1021113.9979849659
2022-10-07,Osasuna vs Valencia,home_win,0.4337,2.4,4.0879999999999805,7454.132185290216,aggressive,A,0,-7454.132185290216,-2.4390243902439046,1013659.8657996757
2022-10-08,Almeria vs Vallecano,home_win,0.4372,2.9,26.78799999999999,35728.84274347592,aggressive,H,1,67884.80121260424,-7.05128205128206,1081544.6670122799
2022-10-08,Sevilla vs Ath Bilbao,home_win,0.4313,3.0,29.390000000000004,39733.24720436364,aggressive,D,0,-39733.24720436364,-3.2258064516129115,1041811.4198079163
2022-10-09,Valladolid vs Betis,away_win,0.4764,2.4,14.335999999999993,26670.372347082648,aggressive,D,0,-26670.372347082648,-4.3824701195219085,1015141.0474608337
2022-10-09,Cadiz vs Espanol,home_win,0.428,2.87,22.836000000000013,30991.65903718664,aggressive,D,0,-30991.65903718664,-4.966887417218535,984149.388423647
2022-10-15,Ath Bilbao vs Ath Madrid,away_win,0.4143,3.0,24.290000000000013,29881.235806013,aggressive,A,1,59762.471612026,-5.3627760252365935,1043911.860035673
2022-10-15,Mallorca vs Sevilla,away_win,0.4102,2.7,10.754000000000019,16509.159033564185,aggressive,A,1,28065.570357059118,-1.4598540145985384,1071977.4303927321
2022-10-18,Sevilla vs Valencia,home_win,0.5143,2.25,15.717500000000006,33697.610524395546,aggressive,D,0,-33697.610524395546,-3.8461538461538436,1038279.8198683365
2022-10-18,Ath Madrid vs Vallecano,home_win,0.6682,1.55,3.571000000000013,16853.169257953832,aggressive,D,0,-16853.169257953832,1.3071895424836555,1021426.6506103827
2022-10-20,Almeria vs Girona,home_win,0.4145,2.6,7.769999999999988,12400.757930066658,aggressive,H,1,19841.212688106654,-3.3457249070631967,1041267.8632984894
2022-10-29,Almeria vs Celta,home_win,0.4159,3.3,37.246999999999986,42156.63489595524,aggressive,H,1,96960.26026069705,-2.941176470588236,1138228.1235591865
2022-10-29,Sevilla vs Vallecano,home_win,0.5557,2.0,11.139999999999993,31699.653241123327,aggressive,A,0,-31699.653241123327,-0.990099009900991,1106528.4703180632
2022-11-07,Vallecano vs Real Madrid,away_win,0.6326,1.65,4.379,18636.49296739538,aggressive,H,0,-18636.49296739538,-0.6024096385542133,1087891.9773506678
2022-11-10,Valencia vs Betis,away_win,0.4055,3.6,45.98000000000002,48097.3779986382,aggressive,H,0,-48097.3779986382,-1.3698630136986245,1039794.5993520296
2022-12-29,Betis vs Ath Bilbao,home_win,0.4469,2.88,28.7072,39693.60574803003,aggressive,D,0,-39693.60574803003,-2.3728813559322104,1000100.9936039996
2023-01-07,Villarreal vs Real Madrid,away_win,0.5346,2.05,9.592999999999986,22842.7829324837,aggressive,H,0,-22842.7829324837,-3.301886792452846,977258.2106715159
2023-01-14,Sociedad vs Ath Bilbao,home_win,0.4622,2.4,10.928000000000004,19070.49593967559,aggressive,H,1,26698.694315545825,-2.8340080971660075,1003956.9049870617
2023-01-15,Getafe vs Espanol,home_win,0.4293,2.5,7.325000000000004,12256.640548383719,aggressive,A,0,-12256.640548383719,-3.474903474903468,991700.264438678
2023-01-16,Cadiz vs Elche,home_win,0.5614,1.91,7.227399999999995,19690.69915165961,aggressive,D,0,-19690.69915165961,-3.0456852791878153,972009.5652870184
2023-01-20,Mallorca vs Celta,home_win,0.4237,2.8,18.63600000000001,25158.847581512342,aggressive,H,1,45285.92564672221,-3.114186851211087,1017295.4909337406
2023-01-21,Espanol vs Betis,away_win,0.4194,2.7,13.238000000000017,19804.349572030696,aggressive,H,0,-19804.349572030696,-3.5714285714285587,997491.1413617099
2023-01-22,Ath Bilbao vs Real Madrid,away_win,0.5375,2.38,27.925,49874.5570680855,aggressive,A,1,68826.88875395799,-4.032258064516137,1066318.030115668
2023-01-28,Getafe vs Betis,away_win,0.4244,2.63,11.617199999999993,18999.432238435173,aggressive,A,1,30969.07454864933,-2.230483271375472,1097287.1046643173
2023-02-04,Betis vs Celta,home_win,0.5369,2.2,18.118000000000013,41418.01617147523,aggressive,A,0,-41418.01617147523,-1.3452914798206206,1055869.0884928422
2023-02-05,Mallorca vs Real Madrid,away_win,0.6104,1.73,5.599200000000004,20246.651370853175,aggressive,H,0,-20246.651370853175,-2.8089887640449507,1035622.437121989
2023-02-20,Getafe vs Valencia,home_win,0.4254,2.75,16.985000000000007,25128.63870645284,aggressive,H,1,43975.117736292465,-5.498281786941583,1079597.5548582815
2023-02-24,Elche vs Betis,away_win,0.4913,2.1,3.1730000000000036,7785.370549012116,aggressive,A,1,8563.907603913327,-2.3255813953488302,1088161.4624621947
2023-02-25,Valencia vs Sociedad,away_win,0.4692,2.5,17.300000000000004,31375.322167659953,aggressive,H,0,-31375.322167659953,2.0408163265306145,1056786.1402945349
2023-03-05,Barcelona vs Valencia,home_win,0.7302,1.53,11.720599999999992,52839.30701472674,aggressive,H,1,28004.832717805177,0.0,1084790.97301234
2023-03-06,Osasuna vs Celta,home_win,0.4281,2.8,19.867999999999995,29934.204238623846,aggressive,D,0,-29934.204238623846,-1.7543859649122862,1054856.7687737162
2023-03-10,Cadiz vs Getafe,home_win,0.4567,2.5,14.175000000000004,24920.991162279053,aggressive,D,0,-24920.991162279053,-2.7237354085603016,1029935.7776114371
2023-03-12,Ath Bilbao vs Barcelona,away_win,0.5599,2.15,20.37849999999999,45627.27444359709,aggressive,A,1,52471.36561013665,-1.3761467889908396,1082407.143221574
2023-04-09,Almeria vs Valencia,home_win,0.443,3.0,32.9,44513.99376498722,aggressive,H,1,89027.98752997445,-4.153354632587858,1171435.1307515483
2023-04-15,Betis vs Espanol,home_win,0.5847,1.83,7.000099999999998,24699.286321608164,aggressive,H,1,20500.40764693478,-1.0810810810810811,1191935.538398483
2023-04-26,Vallecano vs Barcelona,away_win,0.6114,1.73,5.772200000000005,23561.953132684008,aggressive,H,0,-23561.953132684008,-1.1428571428571455,1168373.585265799
2023-04-30,Cadiz vs Valencia,home_win,0.4421,3.1,37.05100000000001,51535.01155676563,aggressive,H,1,108223.52426920783,1.9736842105263275,1276597.1095350068
2023-05-02,Sociedad vs Real Madrid,away_win,0.4395,2.8,23.05999999999999,40886.56853594062,aggressive,H,0,-40886.56853594062,-5.084745762711873,1235710.540999066
2023-05-04,Sevilla vs Espanol,home_win,0.5766,1.83,5.517799999999995,20537.360310616386,aggressive,H,1,17046.009057811603,-1.0810810810810811,1252756.5500568778
2023-05-13,Real Madrid vs Getafe,home_win,0.6914,1.55,7.167000000000012,40811.39179208026,aggressive,H,1,22446.265485644148,-2.515723270440251,1275202.815542522
2023-05-14,Valladolid vs Sevilla,away_win,0.4267,3.1,32.277,48999.6681872214,aggressive,A,1,102899.30319316495,-4.61538461538461,1378102.1187356869
2023-05-14,Espanol vs Barcelona,away_win,0.6587,1.65,8.68549999999999,46036.56135491845,aggressive,A,1,29923.76488069699,1.2269938650306678,1408025.883616384
2023-05-19,Cadiz vs Valladolid,home_win,0.4865,2.2,7.030000000000003,20621.712420464963,aggressive,H,1,24746.054904557957,-3.50877192982455,1432771.9385209419
2023-05-21,Vallecano vs Espanol,home_win,0.505,2.15,8.575,26708.737766993647,aggressive,A,0,-26708.737766993647,-0.9216589861751112,1406063.2007539482
2023-05-21,Valencia vs Real Madrid,away_win,0.5629,2.2,23.838000000000005,69828.61370744294,aggressive,H,0,-69828.61370744294,-0.9009009009009028,1336234.5870465052
2023-05-23,Valladolid vs Barcelona,away_win,0.6619,1.91,26.422900000000006,66811.72935232526,aggressive,H,0,-66811.72935232526,-4.5000000000000036,1269422.85769418
2023-05-24,Espanol vs Ath Madrid,away_win,0.5675,2.38,35.06499999999999,63471.142884709,aggressive,D,0,-63471.142884709,1.2765957446808418,1205951.714809471
2023-05-24,Betis vs Getafe,home_win,0.5829,2.0,16.579999999999995,49986.698578852556,aggressive,A,0,-49986.698578852556,-3.8461538461538547,1155965.0162306186
2023-05-24,Real Madrid vs Vallecano,home_win,0.6428,1.62,4.133600000000004,19267.32657697939,aggressive,H,1,11945.742477727224,-1.8181818181818077,1167910.7587083457
2023-05-25,Mallorca vs Valencia,home_win,0.4172,3.3,37.676,47828.484505538734,aggressive,H,1,110005.51436273908,-3.790087463556857,1277916.2730710849
2023-05-28,Almeria vs Valladolid,home_win,0.4831,2.25,8.697500000000002,22229.353570071526,aggressive,D,0,-22229.353570071526,-4.255319148936176,1255686.9195010134
2023-05-28,Cadiz vs Celta,home_win,0.4265,2.6,10.89,21366.29773963443,aggressive,H,1,34186.076383415086,-4.4117647058823595,1289872.9958844285
2023-06-04,Betis vs Valencia,home_win,0.5451,2.63,43.3613,64493.64979422143,aggressive,D,0,-64493.64979422143,-8.041958041958042,1225379.346090207
2023-06-04,Celta vs Barcelona,away_win,0.6001,2.5,50.024999999999984,61268.967304510355,aggressive,H,0,-61268.967304510355,-2.7237354085603016,1164110.3787856968
2023-06-04,Real Madrid vs Ath Bilbao,home_win,0.6231,1.91,19.012099999999997,48853.93971912275,aggressive,D,0,-48853.93971912275,-1.0362694300518172,1115256.439066574
